{
    "rmse": 1676.1517099727075,
    "mae": 1173.0134273687581,
    "r2": 0.8294289775319684
}