{
    "rmse": 1720.0880635412957,
    "mae": 1197.591073502141,
    "r2": 0.8184626472486404
}