{
    "rmse": 1692.1300657626555,
    "mae": 1181.6821324710138,
    "r2": 0.8218508433358618
}